Total train cost,Avg train cost
93.6026,0.0624018
77.371,0.0515806
73.2398,0.0488266
71.347,0.0475647
70.1621,0.0467748
69.3617,0.0462411
68.8122,0.0458748
68.3596,0.045573
68.1712,0.0454475
68.061,0.045374
