Total train cost,Avg train cost
89.0897,0.0593931
72.9625,0.0486417
69.5262,0.0463508
67.9656,0.0453104
66.9951,0.0446634
66.2895,0.044193
65.7383,0.0438256
65.2886,0.0435257
64.9101,0.0432734
64.5845,0.0430563
