Total train cost variation,Avg train cost variation
120.793,0.0805285
87.7528,0.0585018
81.8522,0.0545681
78.5812,0.0523875
76.3163,0.0508775
74.6708,0.0497805
73.4644,0.0489762
72.4941,0.0483294
71.581,0.0477207
70.7614,0.0471743
