Total train cost,Avg train cost
97.4259,0.0649506
78.1157,0.0520771
73.6845,0.049123
71.4093,0.0476062
70.3444,0.0468963
69.4396,0.0462931
69.04,0.0460267
68.8285,0.0458857
68.519,0.0456793
68.6097,0.0457398
